{
  "asd": {
    "logs": [
      {
        "start": "2026-01-13T22:21:24.776Z",
        "end": "2026-01-13T22:24:07.066Z",
        "hours": 0.045080555555555554
      }
    ],
    "name": "asd"
  },
  "Joezer": {
    "logs": [
      {
        "start": "2026-01-13T22:11:00.000Z",
        "end": "2026-01-13T22:31:19.324Z",
        "hours": 0.3387
      }
    ],
    "name": "Joezer"
  },
  "Kem": {
    "logs": [
      {
        "start": "2026-01-13T22:11:00.000Z",
        "end": "2026-01-13T23:34:50.955Z",
        "hours": 1.3972
      }
    ],
    "name": "Kem"
  },
  "Dail": {
    "logs": [
      {
        "start": "2026-01-13T22:11:00.000Z",
        "end": "2026-01-13T23:57:46.789Z",
        "hours": 1.7794
      }
    ],
    "name": "Dail"
  },
  "somethinglikeTrent": {
    "logs": [
      {
        "start": "2026-01-13T22:11:00.000Z",
        "end": "2026-01-14T00:11:43.302Z",
        "hours": 2.0119
      }
    ],
    "name": "somethinglikeTrent"
  },
  "NOTFOUND": {
    "logs": [],
    "active": "2026-01-13T22:28:22.490Z"
  },
  "charles": {
    "logs": [],
    "active": "2026-01-13T23:53:55.397Z"
  },
  "Aleah": {
    "logs": [],
    "active": "2026-01-13T23:57:14.135Z"
  },
  "M4Vs": {
    "logs": [
      {
        "start": "2026-01-13T23:33:00.000Z",
        "end": "2026-01-14T08:20:48.482Z",
        "hours": 8.7967
      }
    ],
    "name": "M4Vs"
  },
  "Ace": {
    "logs": [
      {
        "start": "2026-01-13T23:33:00.000Z",
        "end": "2026-01-14T08:13:37.822Z",
        "hours": 8.677
      }
    ],
    "name": "Ace"
  },
  "Meann": {
    "logs": [],
    "active": "2026-01-14T04:14:27.667Z"
  },
  "RxZxl": {
    "logs": [],
    "active": "2026-01-14T04:30:32.607Z"
  },
  "4rc": {
    "logs": [],
    "active": "2026-01-14T04:35:21.678Z"
  },
  "Rain": {
    "logs": [
      {
        "start": "2026-01-14T05:01:54.000Z",
        "end": "2026-01-14T10:11:03.636Z",
        "hours": 5.152676666666666
      }
    ],
    "name": "Rain"
  },
  "Elliemalvar": {
    "logs": [],
    "active": "2026-01-14T05:06:41.916Z"
  },
  "Kyeeeee": {
    "logs": [
      {
        "start": "2026-01-14T05:10:06.621Z",
        "end": "2026-01-14T08:21:07.348Z",
        "hours": 3.1835352777777777
      }
    ],
    "name": "Kyeeeee"
  },
  "Justin Ace": {
    "logs": [],
    "active": "2026-01-14T05:11:06.608Z"
  },
  "tristan": {
    "logs": [
      {
        "start": "2026-01-14T05:11:23.820Z",
        "end": "2026-01-14T08:34:10.205Z",
        "hours": 3.379551388888889
      }
    ],
    "name": "tristan"
  },
  "Garretdita": {
    "logs": [],
    "active": "2026-01-14T05:30:20.139Z"
  },
  "Rosel": {
    "logs": [
      {
        "start": "2026-01-14T06:20:14.303Z",
        "end": "2026-01-14T10:17:05.403Z",
        "hours": 3.9475277777777777
      }
    ],
    "name": "Rosel"
  },
  "Mond": {
    "logs": [],
    "active": "2026-01-14T08:00:45.411Z"
  }
}